{
  "format": "MRI/NIFTI",
  "manufacturer": [],
  "acqDateTime": [],
  "subId": [],
  "sesId": "",
  "recNo": 0,
  "recId": "unknown",
  "custom": {},
  "header": {
    "diminfo": 0,
    "dim": [
      3,
      360,
      480,
      256,
      1,
      1,
      1,
      1
    ],
    "intent_p1": 0,
    "intent_p2": 0,
    "intent_p3": 0,
    "intent_code": 0,
    "datatype": 16,
    "bitpix": 32,
    "slice_start": 0,
    "pixdim": [
      1,
      0.5,
      0.5,
      0.5,
      3110.39990234375,
      0,
      0,
      0
    ],
    "vox_offset": 352,
    "scl_slope": 1,
    "scl_inter": 0,
    "slice_end": 0,
    "slice_code": 0,
    "xyz_units": 0,
    "cal_max": 0,
    "cal_min": 0,
    "slice_duration": 0,
    "toffset": 0,
    "glmax": 0,
    "glmin": 0,
    "descrip": "",
    "aux_file": "none",
    "qform_code": 1,
    "sform_code": 0,
    "quatern_b": 4.6715073215991554E-13,
    "quatern_c": 0.19080899655818939,
    "quatern_d": -0.98162716627120972,
    "qoffset_x": 87.283737182617188,
    "qoffset_y": 152.17529296875,
    "qoffset_z": -16.248830795288086,
    "srow_x": [
      -0.5,
      2.4482638139033952E-12,
      0,
      87.283737182617188
    ],
    "srow_y": [
      -2.2699906190859487E-12,
      -0.46359193325042725,
      -0.18730328977108002,
      152.17529296875
    ],
    "srow_z": [
      -9.17135725003737E-13,
      -0.18730328977108002,
      0.46359193325042725,
      -16.248830795288086
    ],
    "intent_name": ""
  },
  "EchoTime": 0.02
}