{
  "format": "MRI/NIFTI",
  "manufacturer": null,
  "acqDateTime": null,
  "subId": null,
  "sesId": "",
  "recNo": 0,
  "recId": "unknown",
  "custom": {},
  "header": {
    "diminfo": 48,
    "dim": [
      3,
      320,
      320,
      240,
      1,
      1,
      1,
      1
    ],
    "intent_p1": 0.0,
    "intent_p2": 0.0,
    "intent_p3": 0.0,
    "intent_code": 0,
    "datatype": 4,
    "bitpix": 16,
    "slice_start": 0,
    "pixdim": [
      -1.0,
      0.703125,
      0.703125,
      0.699999988079071,
      4.0,
      1.0,
      1.0,
      47289.46484375
    ],
    "vox_offset": 352.0,
    "scl_slope": 1.0,
    "scl_inter": 0.0,
    "slice_end": 239,
    "slice_code": 5,
    "xyz_units": 10,
    "cal_max": 0.0,
    "cal_min": 0.0,
    "slice_duration": 0.0,
    "toffset": 0.0,
    "glmax": 255,
    "glmin": 0,
    "descrip": "TE=2.359999895;sec=47289.4650;phaseDir=+",
    "aux_file": "",
    "qform_code": 1,
    "sform_code": 1,
    "quatern_b": 0.5,
    "quatern_c": -0.5,
    "quatern_d": -0.5,
    "qoffset_x": -83.6500015258789,
    "qoffset_y": 114.5,
    "qoffset_z": -113.796875,
    "srow_x": [
      0.0,
      0.0,
      0.699999988079071,
      -83.6500015258789
    ],
    "srow_y": [
      -0.703125,
      0.0,
      0.0,
      114.5
    ],
    "srow_z": [
      0.0,
      0.703125,
      0.0,
      -113.796875
    ],
    "intent_name": ""
  }
}